{"train/loss": 0.7335, "train/grad_norm": 1.054718255996704, "train/learning_rate": 0.0, "train/epoch": 95.24, "train/global_step": 1000, "_timestamp": 1709889747.7571354, "_runtime": 4467.164078474045, "_step": 1000, "train/train_runtime": 4467.7017, "train/train_samples_per_second": 0.94, "train/train_steps_per_second": 0.224, "train/total_flos": 3.8600589969658675e+17, "train/train_loss": 1.1863069441914558}