{"train/loss": 0.4453, "train/grad_norm": 0.15798361599445343, "train/learning_rate": 0.0007983071094576608, "train/epoch": 0.21, "train/global_step": 63, "_timestamp": 1710141259.1760175, "_runtime": 107.42276954650879, "_step": 62}