{"train/loss": 0.0086, "train/grad_norm": 0.13757388293743134, "train/learning_rate": 0.0, "train/epoch": 9.99, "train/global_step": 2930, "_timestamp": 1710145918.3897305, "_runtime": 4640.5073595047, "_step": 2930, "train/train_runtime": 4642.9428, "train/train_samples_per_second": 2.526, "train/train_steps_per_second": 0.631, "train/total_flos": 4.170428100485407e+17, "train/train_loss": 0.14177345379188963}