{"train/loss": 1.6455, "train/grad_norm": 22.647029876708984, "train/learning_rate": 0.0016326530612244899, "train/epoch": 0.95, "train/global_step": 10, "_timestamp": 1709885252.4705815, "_runtime": 48.08502554893494, "_step": 9}