{"train/loss": 0.0009, "train/grad_norm": 0.005194799043238163, "train/learning_rate": 0.0, "train/epoch": 93.02, "train/global_step": 1000, "_timestamp": 1709925129.5816946, "_runtime": 2787.6014494895935, "_step": 1000, "train/train_runtime": 2788.1459, "train/train_samples_per_second": 1.542, "train/train_steps_per_second": 0.359, "train/total_flos": 2.605287815372759e+17, "train/train_loss": 0.028386561334773432}