{"train/loss": 1.6985, "train/grad_norm": 3.532867908477783, "train/learning_rate": 0.00019990719257540604, "train/epoch": 0.0, "train/global_step": 8, "_timestamp": 1709881085.374394, "_runtime": 8.10706090927124, "_step": 7}