{"train/loss": 0.3901, "train/grad_norm": 0.15762072801589966, "train/learning_rate": 0.0, "train/epoch": 4.76, "train/global_step": 50, "_timestamp": 1709882130.9852848, "_runtime": 226.28510880470276, "_step": 50, "train/train_runtime": 226.8424, "train/train_samples_per_second": 0.926, "train/train_steps_per_second": 0.22, "train/total_flos": 1.930030407765197e+16, "train/train_loss": 0.5694136512279511}