{"train/loss": 0.9338, "train/grad_norm": 1.0032894611358643, "train/learning_rate": 0.00019959798994974876, "train/epoch": 0.67, "train/global_step": 7, "_timestamp": 1709881768.286131, "_runtime": 34.518198013305664, "_step": 6}